theme_id,label,lookback_days,horizon_days,obs,first_date,last_date,leader_count,follower_count,pearson_ic,spearman_ic,base_avg_future_pct,top_quintile_avg_future_pct,top_minus_base_pct,avg_lag_gap_pct,event_count,event_avg_after_cost_pct,event_median_after_cost_pct,event_hit_rate,event_threshold_leader_pct,event_threshold_gap_pct,round_trip_cost_pct
optical_800g_cpo,光通訊/800G/CPO,40,40,4518,2008-03-06,2026-03-24,8,6,0.086136,0.050282,7.982121,11.720604,3.738483,-1.185662,1238,14.348270,2.868908,0.569467,5.000000,5.000000,0.300000
optical_800g_cpo,光通訊/800G/CPO,10,40,4548,2008-01-15,2026-03-24,8,6,0.075684,0.071056,7.966128,13.430189,5.464061,-0.562637,490,13.247384,4.050776,0.600000,5.000000,5.000000,0.300000
optical_800g_cpo,光通訊/800G/CPO,5,40,4553,2008-01-08,2026-03-24,8,6,0.051710,0.065274,7.959478,10.591928,2.632450,-0.288649,248,11.715187,4.422077,0.588710,5.000000,5.000000,0.300000
optical_800g_cpo,光通訊/800G/CPO,10,20,4569,2008-01-15,2026-04-23,8,6,0.084509,0.106271,4.161420,9.112032,4.950612,-0.581176,493,10.092486,3.648639,0.677485,5.000000,5.000000,0.300000
optical_800g_cpo,光通訊/800G/CPO,20,40,4537,2008-01-29,2026-03-24,8,6,0.073119,0.048292,7.956100,11.722692,3.766592,-0.774002,825,9.969076,1.952703,0.555152,5.000000,5.000000,0.300000
optical_800g_cpo,光通訊/800G/CPO,10,10,4579,2008-01-15,2026-05-08,8,6,0.110491,0.149004,2.197502,7.607881,5.410379,-0.579079,496,8.652691,2.226760,0.653226,5.000000,5.000000,0.300000
optical_800g_cpo,光通訊/800G/CPO,5,20,4574,2008-01-08,2026-04-23,8,6,0.066247,0.098138,4.161945,7.194898,3.032953,-0.305361,249,7.999155,3.011468,0.654618,5.000000,5.000000,0.300000
optical_800g_cpo,光通訊/800G/CPO,40,20,4539,2008-03-06,2026-04-23,8,6,0.061167,0.037337,4.169512,5.977758,1.808246,-1.190121,1242,7.807463,1.683593,0.581320,5.000000,5.000000,0.300000
optical_800g_cpo,光通訊/800G/CPO,5,10,4584,2008-01-08,2026-05-08,8,6,0.076229,0.129604,2.194641,5.338936,3.144295,-0.301910,251,7.492132,1.786545,0.621514,5.000000,5.000000,0.300000
memory_hbm,記憶體/HBM/儲存,5,40,5135,2006-05-29,2026-03-26,4,10,0.096368,0.102071,4.618687,8.180285,3.561598,0.041732,233,7.147132,3.181981,0.643777,5.000000,5.000000,0.300000
healthcare_glp1_cdmo,醫藥/GLP-1/CDMO,5,40,5045,2006-05-29,2026-03-24,6,9,0.010184,0.020808,4.845863,6.016216,1.170353,-0.189510,45,7.125592,6.390606,0.666667,5.000000,5.000000,0.300000
memory_hbm,記憶體/HBM/儲存,20,40,5119,2006-06-20,2026-03-26,4,10,0.129599,0.142468,4.624263,8.118108,3.493845,0.120287,756,6.313099,4.995539,0.653439,5.000000,5.000000,0.300000
pcb_abf_ccl,PCB/ABF/CCL,5,40,4982,2006-05-29,2026-03-24,4,9,0.072819,0.063555,3.913925,6.794362,2.880437,0.127367,228,6.216486,3.999257,0.640351,5.000000,5.000000,0.300000
pcb_abf_ccl,PCB/ABF/CCL,20,40,4967,2006-06-19,2026-03-24,4,9,0.164226,0.087342,3.924006,8.459215,4.535208,0.566065,796,6.158478,3.014974,0.635678,5.000000,5.000000,0.300000
banks_rates_insurance,金融/銀行/保險/利率,5,40,5006,2006-05-29,2026-03-24,8,6,0.016635,-0.009806,1.860170,2.357503,0.497334,0.021531,65,6.154975,4.568132,0.676923,5.000000,5.000000,0.300000
ai_server_power_thermal,AI伺服器/電源/散熱,5,40,4977,2006-05-29,2026-03-24,6,8,0.088497,0.078637,4.077960,5.962866,1.884906,0.282648,357,6.105278,5.475796,0.666667,5.000000,5.000000,0.300000
pcb_abf_ccl,PCB/ABF/CCL,10,40,4977,2006-06-05,2026-03-24,4,9,0.108495,0.072735,3.922934,7.503449,3.580515,0.250292,424,6.032996,3.216807,0.627358,5.000000,5.000000,0.300000
memory_hbm,記憶體/HBM/儲存,40,40,5098,2006-07-19,2026-03-26,4,10,0.181167,0.166696,4.631772,8.830808,4.199036,0.187727,997,5.872561,3.814281,0.630893,5.000000,5.000000,0.300000
passive_components,被動元件/MLCC/電阻電容,40,40,4943,2006-07-18,2026-03-24,4,7,0.118558,0.130252,3.552930,6.610098,3.057169,-0.452304,965,5.658723,5.121338,0.684974,5.000000,5.000000,0.300000
memory_hbm,記憶體/HBM/儲存,10,40,5128,2006-06-07,2026-03-26,4,10,0.122232,0.136084,4.629397,7.963860,3.334463,0.068668,479,5.556019,3.470585,0.647182,5.000000,5.000000,0.300000
ai_server_power_thermal,AI伺服器/電源/散熱,40,40,4942,2006-07-18,2026-03-24,6,8,0.129035,0.094388,4.051040,7.257003,3.205963,2.336522,1488,5.502037,4.781397,0.653226,5.000000,5.000000,0.300000
optical_800g_cpo,光通訊/800G/CPO,20,20,4558,2008-01-29,2026-04-23,8,6,0.060151,0.051314,4.150413,7.198524,3.048111,-0.797914,828,5.421966,1.387833,0.574879,5.000000,5.000000,0.300000
ai_server_power_thermal,AI伺服器/電源/散熱,10,40,4972,2006-06-06,2026-03-24,6,8,0.119482,0.116062,4.082567,7.029630,2.947063,0.539636,704,5.252087,4.116990,0.637784,5.000000,5.000000,0.300000
memory_hbm,記憶體/HBM/儲存,10,20,5149,2006-06-07,2026-04-24,4,10,0.165228,0.157172,2.318794,5.655178,3.336384,0.091821,490,5.232840,3.262882,0.657143,5.000000,5.000000,0.300000
ai_server_power_thermal,AI伺服器/電源/散熱,20,40,4962,2006-06-20,2026-03-24,6,8,0.144828,0.125445,4.074155,7.062954,2.988800,1.118301,1085,5.194791,4.119805,0.632258,5.000000,5.000000,0.300000
passive_components,被動元件/MLCC/電阻電容,5,40,4978,2006-05-29,2026-03-24,4,7,0.043342,0.063512,3.597219,4.681803,1.084584,-0.057415,182,5.122167,3.807262,0.670330,5.000000,5.000000,0.300000
memory_hbm,記憶體/HBM/儲存,5,20,5156,2006-05-29,2026-04-24,4,10,0.136368,0.128118,2.310504,5.104927,2.794424,0.051543,240,4.973188,2.891531,0.658333,5.000000,5.000000,0.300000
copper_industrial_metals,銅/工業金屬/線纜,10,40,5139,2006-06-05,2026-03-24,6,8,0.071204,0.074464,2.684093,4.584873,1.900780,0.171264,500,4.955209,4.630459,0.664000,5.000000,5.000000,0.300000
copper_industrial_metals,銅/工業金屬/線纜,40,40,5109,2006-07-17,2026-03-24,6,8,0.147642,0.124676,2.664722,5.104289,2.439567,0.794752,1312,4.935638,4.387741,0.691311,5.000000,5.000000,0.300000
pcb_abf_ccl,PCB/ABF/CCL,40,40,4947,2006-07-17,2026-03-24,4,9,0.181161,0.084936,3.897386,7.129734,3.232348,1.267118,1312,4.797405,2.560153,0.614329,5.000000,5.000000,0.300000
copper_industrial_metals,銅/工業金屬/線纜,20,40,5129,2006-06-19,2026-03-24,6,8,0.093369,0.083160,2.673377,4.756301,2.082924,0.380548,914,4.769388,4.430116,0.670678,5.000000,5.000000,0.300000
memory_hbm,記憶體/HBM/儲存,20,20,5140,2006-06-20,2026-04-24,4,10,0.156533,0.150796,2.311959,5.375770,3.063811,0.137669,764,4.710299,3.262882,0.674084,5.000000,5.000000,0.300000
passive_components,被動元件/MLCC/電阻電容,10,40,4973,2006-06-06,2026-03-24,4,7,0.053167,0.073027,3.604852,5.600986,1.996134,-0.098124,390,4.490030,4.021821,0.697436,5.000000,5.000000,0.300000
optical_800g_cpo,光通訊/800G/CPO,40,10,4549,2008-03-06,2026-05-08,8,6,0.049839,0.058125,2.203325,3.037724,0.834398,-1.208719,1243,4.444063,1.063241,0.577635,5.000000,5.000000,0.300000
power_grid_transformer,重電/變壓器/電網,5,40,4985,2006-05-29,2026-03-24,8,7,0.008201,0.015970,3.627523,3.862816,0.235293,-0.030543,155,4.350410,2.300882,0.645161,5.000000,5.000000,0.300000
copper_industrial_metals,銅/工業金屬/線纜,5,40,5144,2006-05-29,2026-03-24,6,8,0.059752,0.062388,2.676473,4.204718,1.528245,0.104581,267,4.051420,4.060886,0.696629,5.000000,5.000000,0.300000
passive_components,被動元件/MLCC/電阻電容,5,20,4999,2006-05-29,2026-04-23,4,7,0.114435,0.097884,1.766230,3.475686,1.709456,-0.053500,183,4.029440,2.275272,0.606557,5.000000,5.000000,0.300000
pcb_abf_ccl,PCB/ABF/CCL,10,20,4998,2006-06-05,2026-04-23,4,9,0.109469,0.085942,1.988512,4.330200,2.341688,0.283998,440,3.958822,2.732140,0.627273,5.000000,5.000000,0.300000
pcb_abf_ccl,PCB/ABF/CCL,20,20,4988,2006-06-19,2026-04-23,4,9,0.147474,0.094938,1.989842,5.047865,3.058023,0.615811,809,3.934596,3.006629,0.655130,5.000000,5.000000,0.300000
healthcare_glp1_cdmo,醫藥/GLP-1/CDMO,10,40,5038,2006-06-05,2026-03-24,6,9,0.002090,0.001660,4.874586,5.827838,0.953252,-0.408004,169,3.920771,2.525270,0.585799,5.000000,5.000000,0.300000
optical_800g_cpo,光通訊/800G/CPO,10,5,4584,2008-01-15,2026-05-15,8,6,0.077627,0.137216,1.135015,3.534446,2.399431,-0.581148,496,3.646503,0.934491,0.612903,5.000000,5.000000,0.300000
power_grid_transformer,重電/變壓器/電網,10,40,4980,2006-06-05,2026-03-24,8,7,0.000418,0.010721,3.627139,3.833742,0.206603,-0.032505,381,3.586377,1.799546,0.608924,5.000000,5.000000,0.300000
optical_800g_cpo,光通訊/800G/CPO,20,10,4568,2008-01-29,2026-05-08,8,6,0.074488,0.089955,2.192095,5.473490,3.281395,-0.811787,828,3.534567,1.521279,0.607488,5.000000,5.000000,0.300000
ai_server_power_thermal,AI伺服器/電源/散熱,5,20,4997,2006-05-29,2026-04-23,6,8,0.100089,0.086994,2.028339,3.390327,1.361987,0.282272,357,3.345057,3.000957,0.672269,5.000000,5.000000,0.300000
pcb_abf_ccl,PCB/ABF/CCL,5,20,5003,2006-05-29,2026-04-23,4,9,0.075354,0.067313,1.978371,3.679139,1.700768,0.140653,234,3.248614,1.753436,0.589744,5.000000,5.000000,0.300000
memory_hbm,記憶體/HBM/儲存,20,10,5150,2006-06-20,2026-05-08,4,10,0.186960,0.162688,1.145813,3.473400,2.327587,0.161881,772,3.032019,1.869296,0.642487,5.000000,5.000000,0.300000
passive_components,被動元件/MLCC/電阻電容,20,40,4963,2006-06-20,2026-03-24,4,7,0.071053,0.087301,3.586823,5.657456,2.070632,-0.163881,684,2.813270,3.447402,0.624269,5.000000,5.000000,0.300000
banks_rates_insurance,金融/銀行/保險/利率,10,40,5001,2006-06-06,2026-03-24,8,6,0.016738,-0.022229,1.864082,2.461597,0.597515,0.048148,182,2.802236,2.472691,0.659341,5.000000,5.000000,0.300000
power_grid_transformer,重電/變壓器/電網,40,40,4950,2006-07-17,2026-03-24,8,7,-0.015001,-0.004261,3.652900,3.050724,-0.602176,-0.314751,1108,2.793690,2.125956,0.584838,5.000000,5.000000,0.300000
ai_server_power_thermal,AI伺服器/電源/散熱,10,20,4992,2006-06-06,2026-04-23,6,8,0.127505,0.123054,2.032289,3.895925,1.863636,0.536166,704,2.775826,2.178240,0.640625,5.000000,5.000000,0.300000
shipping_freight,航運/貨櫃/散裝/油輪,10,40,5043,2006-06-06,2026-03-24,8,6,0.084404,0.001022,3.511854,5.303151,1.791297,-0.131658,363,2.750580,-1.021176,0.462810,5.000000,5.000000,0.300000
pcb_abf_ccl,PCB/ABF/CCL,40,20,4968,2006-07-17,2026-04-23,4,9,0.162608,0.079149,1.987864,4.185081,2.197217,1.288267,1324,2.715354,2.278448,0.624622,5.000000,5.000000,0.300000
ai_server_power_thermal,AI伺服器/電源/散熱,40,20,4962,2006-07-18,2026-04-23,6,8,0.149635,0.118921,2.019474,4.381830,2.362356,2.384133,1508,2.709476,2.440448,0.662467,5.000000,5.000000,0.300000
healthcare_glp1_cdmo,醫藥/GLP-1/CDMO,5,20,5067,2006-05-29,2026-04-23,6,9,0.035111,0.053965,2.299649,2.979463,0.679814,-0.189396,45,2.677522,1.763269,0.600000,5.000000,5.000000,0.300000
power_grid_transformer,重電/變壓器/電網,5,20,5006,2006-05-29,2026-04-23,8,7,0.052549,0.070519,1.775436,2.499796,0.724359,-0.020355,156,2.634865,1.246019,0.564103,5.000000,5.000000,0.300000
memory_hbm,記憶體/HBM/儲存,40,20,5119,2006-07-19,2026-04-24,4,10,0.122434,0.117114,2.312489,4.379428,2.066938,0.250481,1014,2.549823,1.719764,0.579882,5.000000,5.000000,0.300000
banks_rates_insurance,金融/銀行/保險/利率,40,40,4971,2006-07-18,2026-03-24,8,6,-0.008678,0.000357,1.878869,2.976400,1.097531,0.145645,693,2.527314,2.989752,0.708514,5.000000,5.000000,0.300000
shipping_freight,航運/貨櫃/散裝/油輪,5,40,5048,2006-05-29,2026-03-24,8,6,0.073994,0.027044,3.508701,5.858332,2.349632,-0.083270,169,2.502847,-1.056206,0.467456,5.000000,5.000000,0.300000
defense_aerospace,軍工/航太/造船,10,40,5136,2006-06-05,2026-03-25,7,7,0.032772,0.009346,2.702552,2.715837,0.013285,0.167946,196,2.495218,2.722945,0.632653,5.000000,5.000000,0.300000
defense_aerospace,軍工/航太/造船,10,20,5157,2006-06-05,2026-04-23,7,7,0.059692,0.028004,1.355938,1.843371,0.487434,0.171932,198,2.455110,2.002814,0.686869,5.000000,5.000000,0.300000
banks_rates_insurance,金融/銀行/保險/利率,20,40,4991,2006-06-20,2026-03-24,8,6,-0.007368,-0.034724,1.863496,2.621629,0.758133,0.102337,387,2.377255,2.060474,0.687339,5.000000,5.000000,0.300000
healthcare_glp1_cdmo,醫藥/GLP-1/CDMO,10,20,5060,2006-06-05,2026-04-23,6,9,0.036615,0.041672,2.327792,2.844627,0.516835,-0.412921,169,2.376799,2.360496,0.633136,5.000000,5.000000,0.300000
ai_server_power_thermal,AI伺服器/電源/散熱,20,20,4982,2006-06-20,2026-04-23,6,8,0.147849,0.131969,2.022894,3.744486,1.721592,1.116127,1087,2.357795,1.983488,0.637534,5.000000,5.000000,0.300000
power_grid_transformer,重電/變壓器/電網,10,20,5001,2006-06-05,2026-04-23,8,7,0.046259,0.068709,1.776031,2.444176,0.668145,-0.008972,384,2.345078,1.469486,0.666667,5.000000,5.000000,0.300000
power_grid_transformer,重電/變壓器/電網,20,40,4970,2006-06-19,2026-03-24,8,7,-0.020170,-0.002995,3.628137,3.166528,-0.461608,-0.100904,743,2.331045,1.867021,0.590848,5.000000,5.000000,0.300000
copper_industrial_metals,銅/工業金屬/線纜,40,20,5131,2006-07-17,2026-04-23,6,8,0.089739,0.070350,1.311712,2.268881,0.957168,0.700958,1312,2.320416,2.380457,0.625000,5.000000,5.000000,0.300000
shipping_freight,航運/貨櫃/散裝/油輪,10,20,5063,2006-06-06,2026-04-23,8,6,0.081001,0.031409,1.665389,2.826046,1.160657,-0.120768,363,2.319366,0.439580,0.520661,5.000000,5.000000,0.300000
banks_rates_insurance,金融/銀行/保險/利率,5,20,5026,2006-05-29,2026-04-23,8,6,-0.005815,-0.013171,0.948672,0.987564,0.038893,0.025547,65,2.317578,2.249194,0.615385,5.000000,5.000000,0.300000
copper_industrial_metals,銅/工業金屬/線纜,20,20,5151,2006-06-19,2026-04-23,6,8,0.048815,0.040414,1.305009,2.275059,0.970050,0.360790,918,2.277979,2.124778,0.577342,5.000000,5.000000,0.300000
passive_components,被動元件/MLCC/電阻電容,10,20,4994,2006-06-06,2026-04-23,4,7,0.123320,0.104497,1.776334,3.877142,2.100808,-0.093585,390,2.236141,1.715771,0.571795,5.000000,5.000000,0.300000
copper_industrial_metals,銅/工業金屬/線纜,5,20,5166,2006-05-29,2026-04-23,6,8,0.038852,0.040510,1.319071,1.926784,0.607713,0.106914,268,2.218756,2.267591,0.615672,5.000000,5.000000,0.300000
defense_aerospace,軍工/航太/造船,5,40,5142,2006-05-29,2026-03-25,7,7,0.027870,0.006048,2.703943,2.712859,0.008916,0.087332,56,2.216988,2.934507,0.625000,5.000000,5.000000,0.300000
memory_hbm,記憶體/HBM/儲存,10,10,5159,2006-06-07,2026-05-08,4,10,0.158915,0.147249,1.151483,3.274929,2.123446,0.092355,492,2.130823,1.403015,0.611789,5.000000,5.000000,0.300000
passive_components,被動元件/MLCC/電阻電容,40,20,4964,2006-07-18,2026-04-23,4,7,0.088239,0.093480,1.754523,3.275782,1.521259,-0.459219,965,2.042360,2.106571,0.631088,5.000000,5.000000,0.300000
optical_800g_cpo,光通訊/800G/CPO,40,5,4554,2008-03-06,2026-05-15,8,6,0.033499,0.057820,1.135837,1.551681,0.415844,-1.209399,1244,2.022070,0.462756,0.548232,5.000000,5.000000,0.300000
pcb_abf_ccl,PCB/ABF/CCL,20,10,4998,2006-06-19,2026-05-08,4,9,0.107801,0.067616,0.999658,2.586822,1.587163,0.660117,819,1.974556,1.432132,0.604396,5.000000,5.000000,0.300000
healthcare_glp1_cdmo,醫藥/GLP-1/CDMO,20,40,5027,2006-06-20,2026-03-24,6,9,-0.027204,-0.081571,4.905323,4.525808,-0.379515,-0.927149,414,1.916686,0.320917,0.516908,5.000000,5.000000,0.300000
copper_industrial_metals,銅/工業金屬/線纜,10,20,5161,2006-06-05,2026-04-23,6,8,0.036143,0.034824,1.323401,2.026447,0.703045,0.171368,500,1.877939,1.539438,0.584000,5.000000,5.000000,0.300000
shipping_freight,航運/貨櫃/散裝/油輪,5,20,5068,2006-05-29,2026-04-23,8,6,0.071617,0.055786,1.666605,3.116749,1.450144,-0.079308,169,1.848790,-0.098793,0.491124,5.000000,5.000000,0.300000
defense_aerospace,軍工/航太/造船,20,40,5126,2006-06-19,2026-03-25,7,7,0.021737,0.010514,2.701532,2.460616,-0.240916,0.352417,458,1.778787,2.197737,0.611354,5.000000,5.000000,0.300000
optical_800g_cpo,光通訊/800G/CPO,20,5,4573,2008-01-29,2026-05-15,8,6,0.060145,0.084338,1.132262,3.527135,2.394872,-0.814542,828,1.777151,0.664323,0.578502,5.000000,5.000000,0.300000
passive_components,被動元件/MLCC/電阻電容,5,10,5009,2006-05-29,2026-05-08,4,7,0.103003,0.094168,0.895042,2.019795,1.124752,-0.052841,183,1.776144,1.075875,0.568306,5.000000,5.000000,0.300000
healthcare_glp1_cdmo,醫藥/GLP-1/CDMO,20,20,5049,2006-06-20,2026-04-23,6,9,0.008751,0.001560,2.349321,2.372231,0.022911,-0.929588,414,1.616144,0.712104,0.536232,5.000000,5.000000,0.300000
passive_components,被動元件/MLCC/電阻電容,10,10,5004,2006-06-06,2026-05-08,4,7,0.123507,0.101539,0.907389,2.260281,1.352892,-0.081782,396,1.552899,1.067164,0.550505,5.000000,5.000000,0.300000
memory_hbm,記憶體/HBM/儲存,5,10,5166,2006-05-29,2026-05-08,4,10,0.112288,0.120152,1.134906,2.657032,1.522126,0.052538,244,1.549603,1.497804,0.565574,5.000000,5.000000,0.300000
defense_aerospace,軍工/航太/造船,5,20,5163,2006-05-29,2026-04-23,7,7,0.035869,0.019932,1.361715,1.589578,0.227863,0.086898,57,1.515201,1.156340,0.701754,5.000000,5.000000,0.300000
power_grid_transformer,重電/變壓器/電網,10,10,5011,2006-06-05,2026-05-08,8,7,0.060085,0.059270,0.899768,1.377113,0.477345,-0.002331,386,1.500919,1.707196,0.639896,5.000000,5.000000,0.300000
memory_hbm,記憶體/HBM/儲存,40,10,5129,2006-07-19,2026-05-08,4,10,0.128310,0.111281,1.143642,2.957401,1.813760,0.260280,1020,1.438129,0.589272,0.559804,5.000000,5.000000,0.300000
ai_server_power_thermal,AI伺服器/電源/散熱,5,10,5007,2006-05-29,2026-05-08,6,8,0.095898,0.080334,0.992182,1.754006,0.761825,0.284756,358,1.420829,1.353513,0.634078,5.000000,5.000000,0.300000
defense_aerospace,軍工/航太/造船,20,20,5147,2006-06-19,2026-04-23,7,7,0.054614,0.023949,1.329323,1.610998,0.281675,0.364260,458,1.390025,1.911879,0.648472,5.000000,5.000000,0.300000
power_grid_transformer,重電/變壓器/電網,20,20,4991,2006-06-19,2026-04-23,8,7,0.012354,0.039114,1.763251,2.076401,0.313150,-0.057085,753,1.372867,1.730829,0.648074,5.000000,5.000000,0.300000
memory_hbm,記憶體/HBM/儲存,20,5,5155,2006-06-20,2026-05-15,4,10,0.157703,0.131715,0.569981,1.819625,1.249645,0.170828,776,1.370694,0.721552,0.570876,5.000000,5.000000,0.300000
passive_components,被動元件/MLCC/電阻電容,20,20,4984,2006-06-20,2026-04-23,4,7,0.092573,0.090978,1.770143,3.507016,1.736874,-0.159108,686,1.364083,0.654930,0.534985,5.000000,5.000000,0.300000
healthcare_glp1_cdmo,醫藥/GLP-1/CDMO,10,10,5070,2006-06-05,2026-05-08,6,9,0.076374,0.086159,1.080934,1.610011,0.529077,-0.411359,170,1.328444,1.176161,0.600000,5.000000,5.000000,0.300000
pcb_abf_ccl,PCB/ABF/CCL,10,10,5008,2006-06-05,2026-05-08,4,9,0.083312,0.071858,0.989475,2.209721,1.220246,0.295864,445,1.309784,0.668788,0.541573,5.000000,5.000000,0.300000
copper_industrial_metals,銅/工業金屬/線纜,40,10,5142,2006-07-17,2026-05-08,6,8,0.087324,0.068351,0.675257,1.304423,0.629167,0.681440,1312,1.292461,1.171393,0.618140,5.000000,5.000000,0.300000
ai_server_power_thermal,AI伺服器/電源/散熱,10,10,5002,2006-06-06,2026-05-08,6,8,0.117921,0.112034,0.999939,2.070449,1.070509,0.539783,706,1.291829,1.247927,0.616147,5.000000,5.000000,0.300000
power_grid_transformer,重電/變壓器/電網,5,10,5016,2006-05-29,2026-05-08,8,7,0.047861,0.050700,0.895180,1.237155,0.341975,-0.018623,156,1.278808,1.675956,0.589744,5.000000,5.000000,0.300000
pcb_abf_ccl,PCB/ABF/CCL,40,10,4978,2006-07-17,2026-05-08,4,9,0.116834,0.045051,0.996838,2.194426,1.197588,1.356133,1334,1.243720,0.983827,0.580210,5.000000,5.000000,0.300000
passive_components,被動元件/MLCC/電阻電容,5,5,5014,2006-05-29,2026-05-15,4,7,0.111220,0.086198,0.450820,1.282833,0.832013,-0.055345,183,1.222447,0.785938,0.584699,5.000000,5.000000,0.300000
ai_server_power_thermal,AI伺服器/電源/散熱,20,10,4992,2006-06-20,2026-05-08,6,8,0.133035,0.113018,0.997876,2.047032,1.049156,1.117358,1088,1.198614,1.074179,0.615809,5.000000,5.000000,0.300000
pcb_abf_ccl,PCB/ABF/CCL,5,10,5013,2006-05-29,2026-05-08,4,9,0.061502,0.057094,0.976307,1.858329,0.882023,0.151475,238,1.180309,0.686091,0.563025,5.000000,5.000000,0.300000
ai_server_power_thermal,AI伺服器/電源/散熱,40,10,4972,2006-07-18,2026-05-08,6,8,0.138855,0.113354,0.994081,2.300126,1.306045,2.386333,1511,1.179651,1.090648,0.620781,5.000000,5.000000,0.300000
copper_industrial_metals,銅/工業金屬/線纜,5,10,5177,2006-05-29,2026-05-08,6,8,0.059878,0.066853,0.670685,1.239805,0.569120,0.102244,268,1.122261,1.190005,0.597015,5.000000,5.000000,0.300000
defense_aerospace,軍工/航太/造船,10,10,5168,2006-06-05,2026-05-08,7,7,0.065813,0.014707,0.675985,1.060876,0.384891,0.156698,198,1.073880,0.879172,0.580808,5.000000,5.000000,0.300000
power_grid_transformer,重電/變壓器/電網,40,20,4971,2006-07-17,2026-04-23,8,7,-0.026358,-0.000652,1.774523,1.362560,-0.411963,-0.255073,1125,1.065803,1.280665,0.609778,5.000000,5.000000,0.300000
banks_rates_insurance,金融/銀行/保險/利率,40,20,4991,2006-07-18,2026-04-23,8,6,-0.010477,-0.032365,0.952798,1.533922,0.581124,0.143125,693,1.061953,1.202088,0.626263,5.000000,5.000000,0.300000
banks_rates_insurance,金融/銀行/保險/利率,20,20,5011,2006-06-20,2026-04-23,8,6,-0.010642,-0.027355,0.944972,1.284960,0.339989,0.109428,391,0.961481,1.279918,0.629156,5.000000,5.000000,0.300000
shipping_freight,航運/貨櫃/散裝/油輪,10,10,5073,2006-06-06,2026-05-08,8,6,0.080427,0.056789,0.833536,1.793255,0.959719,-0.118085,364,0.955441,-0.188481,0.467033,5.000000,5.000000,0.300000
shipping_freight,航運/貨櫃/散裝/油輪,20,40,5033,2006-06-20,2026-03-24,8,6,0.101432,-0.017042,3.507370,6.470316,2.962945,-0.206856,593,0.947629,-2.387656,0.384486,5.000000,5.000000,0.300000
defense_aerospace,軍工/航太/造船,40,40,5106,2006-07-17,2026-03-25,7,7,0.008579,0.005592,2.715773,2.738514,0.022741,0.679907,777,0.940280,1.063892,0.562420,5.000000,5.000000,0.300000
passive_components,被動元件/MLCC/電阻電容,40,10,4974,2006-07-18,2026-05-08,4,7,0.085250,0.054982,0.903893,1.887569,0.983676,-0.450430,969,0.939678,0.762678,0.554180,5.000000,5.000000,0.300000
copper_industrial_metals,銅/工業金屬/線纜,5,5,5182,2006-05-29,2026-05-15,6,8,0.076819,0.081626,0.358764,0.929879,0.571115,0.102698,268,0.934238,0.799156,0.615672,5.000000,5.000000,0.300000
copper_industrial_metals,銅/工業金屬/線纜,20,10,5162,2006-06-19,2026-05-08,6,8,0.040451,0.036753,0.676452,1.173678,0.497227,0.354597,919,0.930563,0.459699,0.558215,5.000000,5.000000,0.300000
passive_components,被動元件/MLCC/電阻電容,10,5,5009,2006-06-06,2026-05-15,4,7,0.113530,0.086125,0.460398,1.389742,0.929344,-0.087453,396,0.897603,0.390938,0.542929,5.000000,5.000000,0.300000
shipping_freight,航運/貨櫃/散裝/油輪,5,10,5078,2006-05-29,2026-05-08,8,6,0.089839,0.084533,0.830750,2.011813,1.181064,-0.078733,169,0.895737,-0.332836,0.467456,5.000000,5.000000,0.300000
pcb_abf_ccl,PCB/ABF/CCL,20,5,5003,2006-06-19,2026-05-15,4,9,0.065379,0.035667,0.505182,1.319964,0.814782,0.683079,824,0.842642,0.587930,0.574029,5.000000,5.000000,0.300000
copper_industrial_metals,銅/工業金屬/線纜,10,10,5172,2006-06-05,2026-05-08,6,8,0.049410,0.044127,0.681291,1.070085,0.388793,0.164177,500,0.836548,0.797602,0.572000,5.000000,5.000000,0.300000
power_grid_transformer,重電/變壓器/電網,10,5,5016,2006-06-05,2026-05-15,8,7,0.058572,0.036284,0.446942,0.764135,0.317193,-0.002412,386,0.835691,0.706124,0.595855,5.000000,5.000000,0.300000
healthcare_glp1_cdmo,醫藥/GLP-1/CDMO,10,5,5075,2006-06-05,2026-05-15,6,9,0.067218,0.064517,0.503159,0.805803,0.302644,-0.408989,170,0.831186,0.456638,0.552941,5.000000,5.000000,0.300000
memory_hbm,記憶體/HBM/儲存,10,5,5164,2006-06-07,2026-05-15,4,10,0.114991,0.107644,0.568825,1.677495,1.108671,0.097871,495,0.806698,0.751746,0.579798,5.000000,5.000000,0.300000
energy_oil_lng,能源/油氣/LNG,40,40,5015,2006-07-18,2026-03-24,6,8,-0.021246,-0.042273,1.440341,1.011688,-0.428653,0.947144,860,0.798624,0.996629,0.545349,5.000000,5.000000,0.300000
healthcare_glp1_cdmo,醫藥/GLP-1/CDMO,20,10,5059,2006-06-20,2026-05-08,6,9,0.043017,0.026937,1.101221,1.321061,0.219840,-0.929290,415,0.797739,0.573349,0.546988,5.000000,5.000000,0.300000
healthcare_glp1_cdmo,醫藥/GLP-1/CDMO,5,10,5077,2006-05-29,2026-05-08,6,9,0.064733,0.085626,1.062814,1.504008,0.441195,-0.189945,46,0.788527,0.648310,0.608696,5.000000,5.000000,0.300000
defense_aerospace,軍工/航太/造船,40,20,5127,2006-07-17,2026-04-23,7,7,0.025040,0.003039,1.350205,1.140862,-0.209343,0.704240,778,0.775678,1.024387,0.580977,5.000000,5.000000,0.300000
power_grid_transformer,重電/變壓器/電網,20,10,5001,2006-06-19,2026-05-08,8,7,0.044108,0.059486,0.894052,1.453376,0.559324,-0.038306,760,0.746321,0.898383,0.584211,5.000000,5.000000,0.300000
optical_800g_cpo,光通訊/800G/CPO,5,5,4589,2008-01-08,2026-05-15,8,6,0.019065,0.103359,1.133410,1.434860,0.301450,-0.300554,253,0.744810,0.465331,0.561265,5.000000,5.000000,0.300000
ai_server_power_thermal,AI伺服器/電源/散熱,5,5,5012,2006-05-29,2026-05-15,6,8,0.079432,0.048625,0.504720,0.947826,0.443106,0.284990,358,0.743684,0.621259,0.586592,5.000000,5.000000,0.300000
passive_components,被動元件/MLCC/電阻電容,20,10,4994,2006-06-20,2026-05-08,4,7,0.136713,0.098972,0.908943,2.376772,1.467829,-0.147935,691,0.722881,0.123492,0.505065,5.000000,5.000000,0.300000
shipping_freight,航運/貨櫃/散裝/油輪,5,5,5083,2006-05-29,2026-05-15,8,6,0.101552,0.099610,0.430027,1.337049,0.907022,-0.079400,169,0.721955,0.497164,0.532544,5.000000,5.000000,0.300000
memory_hbm,記憶體/HBM/儲存,40,5,5134,2006-07-19,2026-05-15,4,10,0.105043,0.093011,0.566575,1.616065,1.049490,0.277000,1025,0.718376,0.395043,0.549268,5.000000,5.000000,0.300000
defense_aerospace,軍工/航太/造船,20,10,5158,2006-06-19,2026-05-08,7,7,0.069740,0.028686,0.661847,0.994600,0.332753,0.345503,458,0.674918,0.863491,0.587336,5.000000,5.000000,0.300000
banks_rates_insurance,金融/銀行/保險/利率,5,5,5041,2006-05-29,2026-05-15,8,6,-0.002758,-0.006426,0.245243,0.373085,0.127842,0.019422,65,0.670102,0.212296,0.538462,5.000000,5.000000,0.300000
power_grid_transformer,重電/變壓器/電網,5,5,5021,2006-05-29,2026-05-15,8,7,0.061388,0.033332,0.441103,0.749218,0.308115,-0.017592,156,0.634460,0.524485,0.596154,5.000000,5.000000,0.300000
copper_industrial_metals,銅/工業金屬/線纜,40,5,5147,2006-07-17,2026-05-15,6,8,0.079866,0.063278,0.365431,0.731604,0.366173,0.676446,1312,0.595235,0.534976,0.568598,5.000000,5.000000,0.300000
ai_server_power_thermal,AI伺服器/電源/散熱,10,5,5007,2006-06-06,2026-05-15,6,8,0.090758,0.076695,0.509991,1.089319,0.579328,0.540943,706,0.584890,0.510457,0.552408,5.000000,5.000000,0.300000
pcb_abf_ccl,PCB/ABF/CCL,40,5,4983,2006-07-17,2026-05-15,4,9,0.076166,0.022923,0.501438,1.162300,0.660863,1.421022,1339,0.560642,0.278821,0.544436,5.000000,5.000000,0.300000
shipping_freight,航運/貨櫃/散裝/油輪,10,5,5078,2006-06-06,2026-05-15,8,6,0.095208,0.084248,0.432768,1.148534,0.715766,-0.120128,364,0.550968,-0.076367,0.486264,5.000000,5.000000,0.300000
pcb_abf_ccl,PCB/ABF/CCL,5,5,5018,2006-05-29,2026-05-15,4,9,0.018466,0.021368,0.485851,0.868822,0.382970,0.158567,241,0.548857,0.170832,0.543568,5.000000,5.000000,0.300000
ai_server_power_thermal,AI伺服器/電源/散熱,20,5,4997,2006-06-20,2026-05-15,6,8,0.101214,0.070742,0.512029,1.008599,0.496571,1.118378,1088,0.498474,0.383175,0.559743,5.000000,5.000000,0.300000
ai_server_power_thermal,AI伺服器/電源/散熱,40,5,4977,2006-07-18,2026-05-15,6,8,0.106828,0.075726,0.508220,1.180585,0.672365,2.386456,1511,0.467059,0.463296,0.566512,5.000000,5.000000,0.300000
healthcare_glp1_cdmo,醫藥/GLP-1/CDMO,40,40,5005,2006-07-19,2026-03-24,6,9,-0.071399,-0.129900,4.914369,2.020598,-2.893771,-2.069835,838,0.465743,-0.429302,0.486874,5.000000,5.000000,0.300000
banks_rates_insurance,金融/銀行/保險/利率,40,10,5001,2006-07-18,2026-05-08,8,6,0.013535,-0.030170,0.475608,0.738796,0.263188,0.147046,695,0.460083,0.471893,0.572662,5.000000,5.000000,0.300000
energy_oil_lng,能源/油氣/LNG,10,40,5045,2006-06-06,2026-03-24,6,8,-0.032936,-0.029573,1.484542,0.992040,-0.492502,0.276740,300,0.436292,1.103830,0.566667,5.000000,5.000000,0.300000
memory_hbm,記憶體/HBM/儲存,5,5,5171,2006-05-29,2026-05-15,4,10,0.097108,0.107582,0.558776,1.379599,0.820823,0.055071,245,0.431861,0.312870,0.534694,5.000000,5.000000,0.300000
power_grid_transformer,重電/變壓器/電網,40,10,4981,2006-07-17,2026-05-08,8,7,0.002679,0.006975,0.892959,0.729622,-0.163337,-0.212188,1135,0.423720,0.537402,0.556828,5.000000,5.000000,0.300000
copper_industrial_metals,銅/工業金屬/線纜,10,5,5177,2006-06-05,2026-05-15,6,8,0.057108,0.061886,0.366581,0.687878,0.321297,0.163687,500,0.406607,0.543554,0.570000,5.000000,5.000000,0.300000
energy_oil_lng,能源/油氣/LNG,10,20,5066,2006-06-06,2026-04-23,6,8,-0.035659,-0.035198,0.749160,0.683110,-0.066050,0.262827,305,0.405357,-0.131378,0.485246,5.000000,5.000000,0.300000
power_grid_transformer,重電/變壓器/電網,20,5,5006,2006-06-19,2026-05-15,8,7,0.055112,0.035994,0.445765,0.843168,0.397403,-0.033756,762,0.405108,0.360725,0.561680,5.000000,5.000000,0.300000
defense_aerospace,軍工/航太/造船,5,10,5174,2006-05-29,2026-05-08,7,7,0.048271,0.009402,0.671296,0.848163,0.176867,0.080127,57,0.392113,-0.190140,0.473684,5.000000,5.000000,0.300000
passive_components,被動元件/MLCC/電阻電容,20,5,4999,2006-06-20,2026-05-15,4,7,0.126231,0.080430,0.464643,1.353508,0.888865,-0.145501,692,0.378211,0.222590,0.537572,5.000000,5.000000,0.300000
pcb_abf_ccl,PCB/ABF/CCL,10,5,5013,2006-06-05,2026-05-15,4,9,0.042224,0.036172,0.494646,1.016942,0.522296,0.314977,450,0.353150,0.323496,0.540000,5.000000,5.000000,0.300000
copper_industrial_metals,銅/工業金屬/線纜,20,5,5167,2006-06-19,2026-05-15,6,8,0.040698,0.038129,0.368335,0.708673,0.340337,0.351058,919,0.310925,0.215007,0.527748,5.000000,5.000000,0.300000
passive_components,被動元件/MLCC/電阻電容,40,5,4979,2006-07-18,2026-05-15,4,7,0.076111,0.033572,0.461808,0.933395,0.471588,-0.450421,969,0.279622,0.125971,0.518060,5.000000,5.000000,0.300000
defense_aerospace,軍工/航太/造船,10,5,5173,2006-06-05,2026-05-15,7,7,0.052406,0.009453,0.339830,0.587624,0.247794,0.154445,198,0.243711,0.206880,0.520202,5.000000,5.000000,0.300000
healthcare_glp1_cdmo,醫藥/GLP-1/CDMO,20,5,5064,2006-06-20,2026-05-15,6,9,0.045277,0.016691,0.516226,0.677158,0.160931,-0.925357,415,0.198167,0.131417,0.518072,5.000000,5.000000,0.300000
healthcare_glp1_cdmo,醫藥/GLP-1/CDMO,5,5,5082,2006-05-29,2026-05-15,6,9,0.048645,0.058789,0.495256,0.866700,0.371444,-0.187995,46,0.182614,0.792250,0.652174,5.000000,5.000000,0.300000
defense_aerospace,軍工/航太/造船,20,5,5163,2006-06-19,2026-05-15,7,7,0.048286,0.014805,0.335688,0.471398,0.135710,0.336306,458,0.175978,0.278742,0.543668,5.000000,5.000000,0.300000
banks_rates_insurance,金融/銀行/保險/利率,5,10,5036,2006-05-29,2026-05-08,8,6,-0.017257,-0.026950,0.471793,0.402761,-0.069033,0.020987,65,0.134517,-0.498358,0.476923,5.000000,5.000000,0.300000
banks_rates_insurance,金融/銀行/保險/利率,40,5,5006,2006-07-18,2026-05-15,8,6,0.016747,-0.002560,0.248753,0.433247,0.184494,0.146064,695,0.126404,0.064022,0.515108,5.000000,5.000000,0.300000
shipping_freight,航運/貨櫃/散裝/油輪,20,10,5063,2006-06-20,2026-05-08,8,6,0.065954,0.012880,0.827758,1.696552,0.868794,-0.180494,594,0.108418,-0.727962,0.436027,5.000000,5.000000,0.300000
shipping_freight,航運/貨櫃/散裝/油輪,20,20,5053,2006-06-20,2026-04-23,8,6,0.081843,-0.008344,1.659150,2.916413,1.257262,-0.186456,593,0.103557,-1.281301,0.428331,5.000000,5.000000,0.300000
power_grid_transformer,重電/變壓器/電網,40,5,4986,2006-07-17,2026-05-15,8,7,0.010718,-0.010964,0.444021,0.374577,-0.069444,-0.192651,1140,0.042863,0.036656,0.506140,5.000000,5.000000,0.300000
banks_rates_insurance,金融/銀行/保險/利率,10,20,5021,2006-06-06,2026-04-23,8,6,-0.019734,-0.030598,0.949740,0.942766,-0.006974,0.056489,184,0.016894,0.726641,0.548913,5.000000,5.000000,0.300000
shipping_freight,航運/貨櫃/散裝/油輪,40,40,5013,2006-07-18,2026-03-24,8,6,0.156716,0.039716,3.515837,6.836354,3.320517,-0.695136,870,0.015860,-2.039032,0.409195,5.000000,5.000000,0.300000
banks_rates_insurance,金融/銀行/保險/利率,20,10,5021,2006-06-20,2026-05-08,8,6,-0.016382,-0.024224,0.471959,0.540515,0.068556,0.113274,393,0.015302,0.461813,0.552163,5.000000,5.000000,0.300000
defense_aerospace,軍工/航太/造船,40,10,5138,2006-07-17,2026-05-08,7,7,0.042252,0.004531,0.660897,0.566957,-0.093940,0.693865,778,0.004293,0.174634,0.519280,5.000000,5.000000,0.300000
energy_oil_lng,能源/油氣/LNG,20,20,5056,2006-06-20,2026-04-23,6,8,-0.037342,-0.052714,0.736343,0.541819,-0.194524,0.514514,583,0.002564,0.151560,0.509434,5.000000,5.000000,0.300000
shipping_freight,航運/貨櫃/散裝/油輪,20,5,5068,2006-06-20,2026-05-15,8,6,0.060335,0.025812,0.431160,0.927533,0.496374,-0.180764,594,-0.029513,-0.476863,0.442761,5.000000,5.000000,0.300000
energy_oil_lng,能源/油氣/LNG,40,10,5046,2006-07-18,2026-05-08,6,8,-0.018428,-0.021785,0.378623,0.436531,0.057907,0.972626,873,-0.032817,-0.159129,0.477663,5.000000,5.000000,0.300000
healthcare_glp1_cdmo,醫藥/GLP-1/CDMO,40,10,5037,2006-07-19,2026-05-08,6,9,-0.004978,-0.042185,1.111140,0.816269,-0.294871,-2.059122,838,-0.065925,-0.026118,0.495227,5.000000,5.000000,0.300000
banks_rates_insurance,金融/銀行/保險/利率,20,5,5026,2006-06-20,2026-05-15,8,6,-0.010250,-0.014078,0.247936,0.343496,0.095559,0.108172,393,-0.074022,0.116050,0.531807,5.000000,5.000000,0.300000
healthcare_glp1_cdmo,醫藥/GLP-1/CDMO,40,20,5027,2006-07-19,2026-04-23,6,9,-0.038444,-0.102367,2.363532,0.919828,-1.443705,-2.064221,838,-0.079913,-0.426916,0.460621,5.000000,5.000000,0.300000
energy_oil_lng,能源/油氣/LNG,40,20,5036,2006-07-18,2026-04-23,6,8,-0.049599,-0.061039,0.721839,0.322276,-0.399562,0.967941,871,-0.085425,-0.358341,0.469575,5.000000,5.000000,0.300000
healthcare_glp1_cdmo,醫藥/GLP-1/CDMO,40,5,5042,2006-07-19,2026-05-15,6,9,0.004471,-0.021503,0.521316,0.390343,-0.130973,-2.056815,838,-0.087777,-0.009706,0.498807,5.000000,5.000000,0.300000
energy_oil_lng,能源/油氣/LNG,10,5,5081,2006-06-06,2026-05-15,6,8,0.015918,0.013064,0.207706,0.264070,0.056364,0.264992,306,-0.096148,-0.261751,0.470588,5.000000,5.000000,0.300000
energy_oil_lng,能源/油氣/LNG,20,40,5035,2006-06-20,2026-03-24,6,8,-0.059936,-0.071585,1.465768,0.369096,-1.096672,0.504106,574,-0.129820,0.320469,0.510453,5.000000,5.000000,0.300000
energy_oil_lng,能源/油氣/LNG,40,5,5051,2006-07-18,2026-05-15,6,8,-0.000568,-0.001651,0.203315,0.360509,0.157194,0.969741,873,-0.158529,-0.100646,0.479954,5.000000,5.000000,0.300000
energy_oil_lng,能源/油氣/LNG,10,10,5076,2006-06-06,2026-05-08,6,8,-0.029470,-0.021810,0.392110,0.319192,-0.072918,0.264351,306,-0.222031,-0.465086,0.444444,5.000000,5.000000,0.300000
defense_aerospace,軍工/航太/造船,40,5,5143,2006-07-17,2026-05-15,7,7,0.034897,0.009142,0.333117,0.277461,-0.055656,0.689165,778,-0.307876,-0.048371,0.494859,5.000000,5.000000,0.300000
banks_rates_insurance,金融/銀行/保險/利率,10,10,5031,2006-06-06,2026-05-08,8,6,0.012020,-0.032592,0.475295,0.526180,0.050886,0.051172,184,-0.388644,-0.313244,0.472826,5.000000,5.000000,0.300000
energy_oil_lng,能源/油氣/LNG,20,10,5066,2006-06-20,2026-05-08,6,8,-0.037025,-0.042084,0.387607,0.203102,-0.184506,0.498020,583,-0.434201,-0.266448,0.457976,5.000000,5.000000,0.300000
energy_oil_lng,能源/油氣/LNG,20,5,5071,2006-06-20,2026-05-15,6,8,-0.026764,-0.032252,0.208127,0.121768,-0.086358,0.500653,583,-0.438660,-0.303943,0.439108,5.000000,5.000000,0.300000
energy_oil_lng,能源/油氣/LNG,5,10,5081,2006-05-29,2026-05-08,6,8,0.021981,0.023137,0.386584,0.556040,0.169457,0.129995,127,-0.485692,-0.907248,0.417323,5.000000,5.000000,0.300000
shipping_freight,航運/貨櫃/散裝/油輪,40,5,5048,2006-07-18,2026-05-15,8,6,0.057249,0.008059,0.432543,0.720599,0.288056,-0.659967,876,-0.488046,-0.628656,0.422374,5.000000,5.000000,0.300000
energy_oil_lng,能源/油氣/LNG,5,5,5086,2006-05-29,2026-05-15,6,8,0.046740,0.036358,0.204499,0.342619,0.138120,0.131700,127,-0.490057,-1.079269,0.393701,5.000000,5.000000,0.300000
banks_rates_insurance,金融/銀行/保險/利率,10,5,5036,2006-06-06,2026-05-15,8,6,-0.007276,-0.017053,0.248554,0.311193,0.062639,0.046819,184,-0.533229,-0.439026,0.402174,5.000000,5.000000,0.300000
energy_oil_lng,能源/油氣/LNG,5,40,5050,2006-05-29,2026-03-24,6,8,-0.010978,0.003894,1.487488,1.510273,0.022785,0.139972,127,-0.550834,1.231536,0.527559,5.000000,5.000000,0.300000
shipping_freight,航運/貨櫃/散裝/油輪,40,10,5043,2006-07-18,2026-05-08,8,6,0.064199,-0.014439,0.832938,1.373836,0.540898,-0.666949,875,-0.656272,-1.070897,0.411429,5.000000,5.000000,0.300000
defense_aerospace,軍工/航太/造船,5,5,5179,2006-05-29,2026-05-15,7,7,0.031099,0.008734,0.339859,0.441457,0.101597,0.080769,57,-0.716292,-0.066290,0.491228,5.000000,5.000000,0.300000
shipping_freight,航運/貨櫃/散裝/油輪,40,20,5033,2006-07-18,2026-04-23,8,6,0.098971,-0.003877,1.665880,2.718136,1.052256,-0.679900,874,-0.735796,-1.513543,0.399314,5.000000,5.000000,0.300000
energy_oil_lng,能源/油氣/LNG,5,20,5071,2006-05-29,2026-04-23,6,8,-0.016001,-0.011473,0.748187,0.825336,0.077149,0.129984,127,-0.980053,-1.633762,0.354331,5.000000,5.000000,0.300000
